amino,fold
C,2
C,1
C,2
C,-1
C,2
C,2
C,2
C,1
C,2
C,-1
C,2
C,2
C,1
C,-2
C,1
C,-2
C,-2
C,-2
C,-1
C,-2
C,1
C,-2
C,-2
C,1
C,2
C,2
C,2
C,1
C,-2
C,1
C,2
C,1
C,1
C,1
C,2
C,-1
C,2
C,2
C,2
C,1
C,-2
C,-2
C,1
C,2
C,2
C,1
C,-2
C,-2
C,-2
C,-1
C,-2
C,1
C,1
C,2
C,1
C,-2
C,1
C,-2
C,-1
C,-1
C,-1
C,-2
C,-1
C,-1
C,-1
C,2
C,-1
C,-2
C,-1
C,-1
C,-2
C,1
C,-2
C,1
C,-2
C,-2
C,-2
C,-1
C,2
C,2
C,-1
C,2
C,-1
C,-2
C,-2
C,-1
C,2
C,2
C,-1
C,-2
C,-2
C,-1
C,-2
C,1
C,1
C,1
C,-2
C,-1
C,-2
C,-2
C,1
C,2
C,1
C,-2
C,-2
C,-2
C,-2
C,-2
C,-1
C,-2
C,-2
C,1
C,2
C,1
C,1
C,2
C,2
C,2
C,-1
C,2
C,2
C,1
C,-2
C,1
C,2
C,2
C,2
C,-1
C,-2
C,0
score,390
